{
    "Dishwasher [kW]": 0.4052121643202785,
    "Furnace 1 [kW]": 0.35279922561615323,
    "Furnace 2 [kW]": 0.4047262429452807,
    "Home office [kW]": 0.23798620519372615,
    "Fridge [kW]": 0.17785436272638566,
    "Wine cellar [kW]": 0.12908741750264752,
    "Garage door [kW]": 0.03557698164955764,
    "Kitchen 12 [kW]": 0.03555843593085614,
    "Kitchen 14 [kW]": 0.12907076635798187,
    "Kitchen 38 [kW]": 2.6467368998076834e-05,
    "Barn [kW]": 0.36259373267824624,
    "Well [kW]": 0.2224405828718049,
    "Living room [kW]": 0.17942527691923657,
    "Microwave [kW]": 0.15929457821795795
}